run_id,emb_dim,num_filters,kernel_size,class_weight,dense_units,dropout_rate,epochs,batch_size,accuracy,precision,recall,f1_score
1,8,32,3,TRUE,16,0,10,16,0.322580645,0.243340869,0.322580645,0.261770973
2,8,32,3,TRUE,16,0,20,16,0.397849462,0.504398827,0.397849462,0.405406022
3,8,32,3,TRUE,16,0.5,10,16,0.612903226,0.678300723,0.612903226,0.538612414
4,8,32,3,TRUE,16,0.5,20,16,0.537634409,0.700278814,0.537634409,0.52827165
5,8,32,3,TRUE,16,0.8,10,16,0.440860215,0.370118846,0.440860215,0.364135209
6,8,32,3,TRUE,16,0.8,20,16,0.440860215,0.437625218,0.440860215,0.414225872
7,8,32,3,TRUE,32,0,10,16,0.462365591,0.397849462,0.462365591,0.41827957
8,8,32,3,TRUE,32,0,20,16,0.64516129,0.654275474,0.64516129,0.589193519
9,8,32,3,TRUE,32,0.5,10,16,0.387096774,0.526610863,0.387096774,0.362641299
10,8,32,3,TRUE,32,0.5,20,16,0.602150538,0.670653075,0.602150538,0.579712297
11,8,32,3,TRUE,32,0.8,10,16,0.47311828,0.487691665,0.47311828,0.415493975
12,8,32,3,TRUE,32,0.8,20,16,0.430107527,0.570852535,0.430107527,0.420063184
13,8,32,3,FALSE,16,0,10,16,0.580645161,0.491039427,0.580645161,0.466725425
14,8,32,3,FALSE,16,0,20,16,0.580645161,0.457596963,0.580645161,0.487560455
15,8,32,3,FALSE,16,0.5,10,16,0.569892473,0.584946237,0.569892473,0.473919722
16,8,32,3,FALSE,16,0.5,20,16,0.569892473,0.49379288,0.569892473,0.480277142
17,8,32,3,FALSE,16,0.8,10,16,0.47311828,0.314218927,0.47311828,0.353046595
18,8,32,3,FALSE,16,0.8,20,16,0.569892473,0.556684112,0.569892473,0.462148854
19,8,32,3,FALSE,32,0,10,16,0.623655914,0.555431961,0.623655914,0.545826933
20,8,32,3,FALSE,32,0,20,16,0.602150538,0.521049754,0.602150538,0.520383637
21,8,32,3,FALSE,32,0.5,10,16,0.494623656,0.529749569,0.494623656,0.408020279
22,8,32,3,FALSE,32,0.5,20,16,0.580645161,0.586693548,0.580645161,0.491278375
23,8,32,3,FALSE,32,0.8,10,16,0.537634409,0.34908222,0.537634409,0.406156723
24,8,32,3,FALSE,32,0.8,20,16,0.569892473,0.56938044,0.569892473,0.467584146
25,8,32,8,TRUE,16,0,10,16,0.344086022,0.264924828,0.344086022,0.283559974
26,8,32,8,TRUE,16,0,20,16,0.440860215,0.483043838,0.440860215,0.426830517
27,8,32,8,TRUE,16,0.5,10,16,0.322580645,0.210186942,0.322580645,0.241488216
28,8,32,8,TRUE,16,0.5,20,16,0.569892473,0.804254892,0.569892473,0.621058926
29,8,32,8,TRUE,16,0.8,10,16,0.311827957,0.31825993,0.311827957,0.223169419
30,8,32,8,TRUE,16,0.8,20,16,0.483870968,0.410826845,0.483870968,0.403198235
31,8,32,8,TRUE,32,0,10,16,0.419354839,0.833691756,0.419354839,0.410103809
32,8,32,8,TRUE,32,0,20,16,0.731182796,0.764555954,0.731182796,0.735688615
33,8,32,8,TRUE,32,0.5,10,16,0.397849462,0.401239312,0.397849462,0.311327435
34,8,32,8,TRUE,32,0.5,20,16,0.602150538,0.817249723,0.602150538,0.609746642
35,8,32,8,TRUE,32,0.8,10,16,0.591397849,0.431780167,0.591397849,0.478625151
36,8,32,8,TRUE,32,0.8,20,16,0.52688172,0.501493513,0.52688172,0.491368819
37,8,32,8,FALSE,16,0,10,16,0.623655914,0.603031906,0.623655914,0.55331825
38,8,32,8,FALSE,16,0,20,16,0.741935484,0.709384164,0.741935484,0.701972545
39,8,32,8,FALSE,16,0.5,10,16,0.52688172,0.37265745,0.52688172,0.409050179
40,8,32,8,FALSE,16,0.5,20,16,0.569892473,0.541991101,0.569892473,0.455540441
41,8,32,8,FALSE,16,0.8,10,16,0.268817204,0.072262689,0.268817204,0.113905595
42,8,32,8,FALSE,16,0.8,20,16,0.537634409,0.364958887,0.537634409,0.412720201
43,8,32,8,FALSE,32,0,10,16,0.623655914,0.501792115,0.623655914,0.539861185
44,8,32,8,FALSE,32,0,20,16,0.655913978,0.519921043,0.655913978,0.571316975
45,8,32,8,FALSE,32,0.5,10,16,0.516129032,0.586248675,0.516129032,0.415795626
46,8,32,8,FALSE,32,0.5,20,16,0.655913978,0.527927121,0.655913978,0.572860963
47,8,32,8,FALSE,32,0.8,10,16,0.52688172,0.301829843,0.52688172,0.37994389
48,8,32,8,FALSE,32,0.8,20,16,0.612903226,0.491854253,0.612903226,0.524756009
49,8,64,3,TRUE,16,0,10,16,0.462365591,0.45095554,0.462365591,0.436766835
50,8,64,3,TRUE,16,0,20,16,0.569892473,0.684312104,0.569892473,0.571856817
51,8,64,3,TRUE,16,0.5,10,16,0.419354839,0.461087736,0.419354839,0.401093055
52,8,64,3,TRUE,16,0.5,20,16,0.440860215,0.377285566,0.440860215,0.387349779
53,8,64,3,TRUE,16,0.8,10,16,0.580645161,0.40727552,0.580645161,0.475408463
54,8,64,3,TRUE,16,0.8,20,16,0.301075269,0.26059456,0.301075269,0.262843489
55,8,64,3,TRUE,32,0,10,16,0.462365591,0.618185248,0.462365591,0.483229053
56,8,64,3,TRUE,32,0,20,16,0.537634409,0.529806394,0.537634409,0.511588278
57,8,64,3,TRUE,32,0.5,10,16,0.47311828,0.400409626,0.47311828,0.41218638
58,8,64,3,TRUE,32,0.5,20,16,0.440860215,0.765360983,0.440860215,0.440231443
59,8,64,3,TRUE,32,0.8,10,16,0.52688172,0.357240906,0.52688172,0.419373586
60,8,64,3,TRUE,32,0.8,20,16,0.408602151,0.366610958,0.408602151,0.369890202
61,8,64,3,FALSE,16,0,10,16,0.52688172,0.325994197,0.52688172,0.391665843
62,8,64,3,FALSE,16,0,20,16,0.591397849,0.445840226,0.591397849,0.505827132
63,8,64,3,FALSE,16,0.5,10,16,0.537634409,0.522003935,0.537634409,0.403950672
64,8,64,3,FALSE,16,0.5,20,16,0.64516129,0.534261016,0.64516129,0.567473213
65,8,64,3,FALSE,16,0.8,10,16,0.279569892,0.078159325,0.279569892,0.122164995
66,8,64,3,FALSE,16,0.8,20,16,0.623655914,0.531233999,0.623655914,0.542879622
67,8,64,3,FALSE,32,0,10,16,0.623655914,0.511606076,0.623655914,0.54120242
68,8,64,3,FALSE,32,0,20,16,0.698924731,0.625127334,0.698924731,0.649457184
69,8,64,3,FALSE,32,0.5,10,16,0.548387097,0.407885305,0.548387097,0.422346693
70,8,64,3,FALSE,32,0.5,20,16,0.612903226,0.517482517,0.612903226,0.534907015
71,8,64,3,FALSE,32,0.8,10,16,0.505376344,0.284348865,0.505376344,0.361181435
72,8,64,3,FALSE,32,0.8,20,16,0.52688172,0.301829843,0.52688172,0.37994389
73,8,64,8,TRUE,16,0,10,16,0.35483871,0.266365355,0.35483871,0.284651021
74,8,64,8,TRUE,16,0,20,16,0.634408602,0.790834613,0.634408602,0.657309634
75,8,64,8,TRUE,16,0.5,10,16,0.268817204,0.442283365,0.268817204,0.301816191
76,8,64,8,TRUE,16,0.5,20,16,0.52688172,0.824142345,0.52688172,0.515310589
77,8,64,8,TRUE,16,0.8,10,16,0.23655914,0.271111111,0.23655914,0.229411783
78,8,64,8,TRUE,16,0.8,20,16,0.505376344,0.632467145,0.505376344,0.523356289
79,8,64,8,TRUE,32,0,10,16,0.709677419,0.751971326,0.709677419,0.69604309
80,8,64,8,TRUE,32,0,20,16,0.666666667,0.762176463,0.666666667,0.687125471
81,8,64,8,TRUE,32,0.5,10,16,0.494623656,0.414823349,0.494623656,0.42404957
82,8,64,8,TRUE,32,0.5,20,16,0.591397849,0.687738785,0.591397849,0.602573334
83,8,64,8,TRUE,32,0.8,10,16,0.451612903,0.506605223,0.451612903,0.40144408
84,8,64,8,TRUE,32,0.8,20,16,0.52688172,0.539498208,0.52688172,0.505084143
85,8,64,8,FALSE,16,0,10,16,0.677419355,0.60341556,0.677419355,0.615426868
86,8,64,8,FALSE,16,0,20,16,0.698924731,0.624214495,0.698924731,0.645036509
87,8,64,8,FALSE,16,0.5,10,16,0.537634409,0.374162381,0.537634409,0.41635887
88,8,64,8,FALSE,16,0.5,20,16,0.677419355,0.544283414,0.677419355,0.594979731
89,8,64,8,FALSE,16,0.8,10,16,0.537634409,0.336044679,0.537634409,0.400477897
90,8,64,8,FALSE,16,0.8,20,16,0.655913978,0.518736545,0.655913978,0.576298143
91,8,64,8,FALSE,32,0,10,16,0.655913978,0.549230445,0.655913978,0.58069346
92,8,64,8,FALSE,32,0,20,16,0.76344086,0.714376073,0.76344086,0.724470782
93,8,64,8,FALSE,32,0.5,10,16,0.580645161,0.44034734,0.580645161,0.496707272
94,8,64,8,FALSE,32,0.5,20,16,0.677419355,0.610162345,0.677419355,0.616913041
95,8,64,8,FALSE,32,0.8,10,16,0.516129032,0.371194911,0.516129032,0.401531179
96,8,64,8,FALSE,32,0.8,20,16,0.580645161,0.456140634,0.580645161,0.485790397
97,8,128,3,TRUE,16,0,10,16,0.365591398,0.449152542,0.365591398,0.350776583
98,8,128,3,TRUE,16,0,20,16,0.569892473,0.529579231,0.569892473,0.531276884
99,8,128,3,TRUE,16,0.5,10,16,0.107526882,0.115196757,0.107526882,0.086933123
100,8,128,3,TRUE,16,0.5,20,16,0.64516129,0.599688629,0.64516129,0.583859321
101,8,128,3,TRUE,16,0.8,10,16,0.322580645,0.260884893,0.322580645,0.268571572
102,8,128,3,TRUE,16,0.8,20,16,0.52688172,0.469804923,0.52688172,0.489789333
103,8,128,3,TRUE,32,0,10,16,0.612903226,0.657706093,0.612903226,0.548268193
104,8,128,3,TRUE,32,0,20,16,0.537634409,0.749502887,0.537634409,0.54580046
105,8,128,3,TRUE,32,0.5,10,16,0.483870968,0.381959126,0.483870968,0.407262988
106,8,128,3,TRUE,32,0.5,20,16,0.591397849,0.489799477,0.591397849,0.517536347
107,8,128,3,TRUE,32,0.8,10,16,0.559139785,0.377225454,0.559139785,0.430377187
108,8,128,3,TRUE,32,0.8,20,16,0.537634409,0.570195038,0.537634409,0.465014679
109,8,128,3,FALSE,16,0,10,16,0.580645161,0.545485578,0.580645161,0.490225927
110,8,128,3,FALSE,16,0,20,16,0.612903226,0.519614297,0.612903226,0.542865446
111,8,128,3,FALSE,16,0.5,10,16,0.580645161,0.586693548,0.580645161,0.491278375
112,8,128,3,FALSE,16,0.5,20,16,0.655913978,0.525931483,0.655913978,0.576801205
113,8,128,3,FALSE,16,0.8,10,16,0.537634409,0.364958887,0.537634409,0.412720201
114,8,128,3,FALSE,16,0.8,20,16,0.580645161,0.545485578,0.580645161,0.490225927
115,8,128,3,FALSE,32,0,10,16,0.548387097,0.4379717,0.548387097,0.471378979
116,8,128,3,FALSE,32,0,20,16,0.666666667,0.653276527,0.666666667,0.623686161
117,8,128,3,FALSE,32,0.5,10,16,0.537634409,0.364958887,0.537634409,0.412720201
118,8,128,3,FALSE,32,0.5,20,16,0.591397849,0.513620072,0.591397849,0.503911692
119,8,128,3,FALSE,32,0.8,10,16,0.537634409,0.364958887,0.537634409,0.412720201
120,8,128,3,FALSE,32,0.8,20,16,0.602150538,0.48637249,0.602150538,0.517494453
121,8,128,8,TRUE,16,0,10,16,0.612903226,0.727325482,0.612903226,0.579607464
122,8,128,8,TRUE,16,0,20,16,0.655913978,0.770774105,0.655913978,0.676720475
123,8,128,8,TRUE,16,0.5,10,16,0.344086022,0.316992331,0.344086022,0.306347774
124,8,128,8,TRUE,16,0.5,20,16,0.408602151,0.398924731,0.408602151,0.34903978
125,8,128,8,TRUE,16,0.8,10,16,0.344086022,0.303763441,0.344086022,0.306135357
126,8,128,8,TRUE,16,0.8,20,16,0.580645161,0.772017409,0.580645161,0.595662384
127,8,128,8,TRUE,32,0,10,16,0.462365591,0.508824031,0.462365591,0.439151564
128,8,128,8,TRUE,32,0,20,16,0.784946237,0.825550435,0.784946237,0.791614424
129,8,128,8,TRUE,32,0.5,10,16,0.462365591,0.519873272,0.462365591,0.447960689
130,8,128,8,TRUE,32,0.5,20,16,0.602150538,0.824731183,0.602150538,0.614395672
131,8,128,8,TRUE,32,0.8,10,16,0.569892473,0.728879474,0.569892473,0.559035746
132,8,128,8,TRUE,32,0.8,20,16,0.698924731,0.796893668,0.698924731,0.703200458
133,8,128,8,FALSE,16,0,10,16,0.698924731,0.61542526,0.698924731,0.628992217
134,8,128,8,FALSE,16,0,20,16,0.76344086,0.737973967,0.76344086,0.732289574
135,8,128,8,FALSE,16,0.5,10,16,0.688172043,0.600678443,0.688172043,0.618638985
136,8,128,8,FALSE,16,0.5,20,16,0.709677419,0.560648531,0.709677419,0.621761235
137,8,128,8,FALSE,16,0.8,10,16,0.279569892,0.082600196,0.279569892,0.127523109
138,8,128,8,FALSE,16,0.8,20,16,0.666666667,0.551971326,0.666666667,0.588568195
139,8,128,8,FALSE,32,0,10,16,0.666666667,0.569482847,0.666666667,0.602798839
140,8,128,8,FALSE,32,0,20,16,0.817204301,0.801889866,0.817204301,0.799643313
141,8,128,8,FALSE,32,0.5,10,16,0.666666667,0.58125785,0.666666667,0.591127595
142,8,128,8,FALSE,32,0.5,20,16,0.709677419,0.644289208,0.709677419,0.654653976
143,8,128,8,FALSE,32,0.8,10,16,0.602150538,0.467228261,0.602150538,0.519333999
144,8,128,8,FALSE,32,0.8,20,16,0.655913978,0.541218638,0.655913978,0.577815507
145,32,32,3,TRUE,16,0,10,16,0.548387097,0.749074402,0.548387097,0.533588761
146,32,32,3,TRUE,16,0,20,16,0.64516129,0.768911526,0.64516129,0.64502315
147,32,32,3,TRUE,16,0.5,10,16,0.52688172,0.671582181,0.52688172,0.516536603
148,32,32,3,TRUE,16,0.5,20,16,0.462365591,0.603942652,0.462365591,0.459669571
149,32,32,3,TRUE,16,0.8,10,16,0.548387097,0.477006808,0.548387097,0.491016709
150,32,32,3,TRUE,16,0.8,20,16,0.569892473,0.700630687,0.569892473,0.561240885
151,32,32,3,TRUE,32,0,10,16,0.666666667,0.768927488,0.666666667,0.639400682
152,32,32,3,TRUE,32,0,20,16,0.709677419,0.803837918,0.709677419,0.706138485
153,32,32,3,TRUE,32,0.5,10,16,0.634408602,0.645771372,0.634408602,0.577601021
154,32,32,3,TRUE,32,0.5,20,16,0.698924731,0.770651486,0.698924731,0.712673782
155,32,32,3,TRUE,32,0.8,10,16,0.559139785,0.51559838,0.559139785,0.491014196
156,32,32,3,TRUE,32,0.8,20,16,0.634408602,0.625107572,0.634408602,0.597871563
157,32,32,3,FALSE,16,0,10,16,0.655913978,0.566158901,0.655913978,0.588823119
158,32,32,3,FALSE,16,0,20,16,0.666666667,0.54036192,0.666666667,0.59095205
159,32,32,3,FALSE,16,0.5,10,16,0.559139785,0.450253368,0.559139785,0.448388918
160,32,32,3,FALSE,16,0.5,20,16,0.688172043,0.601221134,0.688172043,0.62006781
161,32,32,3,FALSE,16,0.8,10,16,0.602150538,0.49412991,0.602150538,0.518809659
162,32,32,3,FALSE,16,0.8,20,16,0.655913978,0.561643056,0.655913978,0.578937381
163,32,32,3,FALSE,32,0,10,16,0.612903226,0.493809058,0.612903226,0.539533585
164,32,32,3,FALSE,32,0,20,16,0.806451613,0.80268119,0.806451613,0.785613299
165,32,32,3,FALSE,32,0.5,10,16,0.580645161,0.454453236,0.580645161,0.483231663
166,32,32,3,FALSE,32,0.5,20,16,0.677419355,0.572580645,0.677419355,0.599761051
167,32,32,3,FALSE,32,0.8,10,16,0.569892473,0.444607364,0.569892473,0.492780338
168,32,32,3,FALSE,32,0.8,20,16,0.64516129,0.51797235,0.64516129,0.568914956
169,32,32,8,TRUE,16,0,10,16,0.612903226,0.720560443,0.612903226,0.533464186
170,32,32,8,TRUE,16,0,20,16,0.655913978,0.730238341,0.655913978,0.667665268
171,32,32,8,TRUE,16,0.5,10,16,0.634408602,0.691039427,0.634408602,0.62390419
172,32,32,8,TRUE,16,0.5,20,16,0.677419355,0.7267661,0.677419355,0.668508875
173,32,32,8,TRUE,16,0.8,10,16,0.64516129,0.741484087,0.64516129,0.627737985
174,32,32,8,TRUE,16,0.8,20,16,0.698924731,0.768219833,0.698924731,0.685021649
175,32,32,8,TRUE,32,0,10,16,0.688172043,0.805764128,0.688172043,0.695097203
176,32,32,8,TRUE,32,0,20,16,0.784946237,0.811790539,0.784946237,0.782447546
177,32,32,8,TRUE,32,0.5,10,16,0.698924731,0.728441914,0.698924731,0.657761877
178,32,32,8,TRUE,32,0.5,20,16,0.741935484,0.813795016,0.741935484,0.750340294
179,32,32,8,TRUE,32,0.8,10,16,0.559139785,0.701278013,0.559139785,0.567853968
180,32,32,8,TRUE,32,0.8,20,16,0.688172043,0.568540582,0.688172043,0.605144495
181,32,32,8,FALSE,16,0,10,16,0.688172043,0.582795185,0.688172043,0.619596075
182,32,32,8,FALSE,16,0,20,16,0.838709677,0.828733932,0.838709677,0.825755368
183,32,32,8,FALSE,16,0.5,10,16,0.655913978,0.510240655,0.655913978,0.569875644
184,32,32,8,FALSE,16,0.5,20,16,0.731182796,0.606630824,0.731182796,0.654793871
185,32,32,8,FALSE,16,0.8,10,16,0.612903226,0.480587513,0.612903226,0.520535414
186,32,32,8,FALSE,16,0.8,20,16,0.666666667,0.512054329,0.666666667,0.578092756
187,32,32,8,FALSE,32,0,10,16,0.677419355,0.597834833,0.677419355,0.614208332
188,32,32,8,FALSE,32,0,20,16,0.795698925,0.778720996,0.795698925,0.768817204
189,32,32,8,FALSE,32,0.5,10,16,0.64516129,0.533032485,0.64516129,0.565965063
190,32,32,8,FALSE,32,0.5,20,16,0.752688172,0.712037766,0.752688172,0.713857747
191,32,32,8,FALSE,32,0.8,10,16,0.64516129,0.5721309,0.64516129,0.564038232
192,32,32,8,FALSE,32,0.8,20,16,0.677419355,0.538995735,0.677419355,0.590192626
193,32,64,3,TRUE,16,0,10,16,0.419354839,0.45287041,0.419354839,0.396170159
194,32,64,3,TRUE,16,0,20,16,0.731182796,0.822715994,0.731182796,0.744189897
195,32,64,3,TRUE,16,0.5,10,16,0.365591398,0.505062297,0.365591398,0.345737351
196,32,64,3,TRUE,16,0.5,20,16,0.666666667,0.727658805,0.666666667,0.676481825
197,32,64,3,TRUE,16,0.8,10,16,0.451612903,0.598722144,0.451612903,0.468341408
198,32,64,3,TRUE,16,0.8,20,16,0.591397849,0.605703854,0.591397849,0.56046829
199,32,64,3,TRUE,32,0,10,16,0.634408602,0.717869944,0.634408602,0.596576829
200,32,64,3,TRUE,32,0,20,16,0.623655914,0.842129794,0.623655914,0.650528737
201,32,64,3,TRUE,32,0.5,10,16,0.47311828,0.421983274,0.47311828,0.421935424
202,32,64,3,TRUE,32,0.5,20,16,0.677419355,0.810566494,0.677419355,0.693470662
203,32,64,3,TRUE,32,0.8,10,16,0.602150538,0.77592532,0.602150538,0.611266273
204,32,64,3,TRUE,32,0.8,20,16,0.548387097,0.84250313,0.548387097,0.568823883
205,32,64,3,FALSE,16,0,10,16,0.688172043,0.589520396,0.688172043,0.619994115
206,32,64,3,FALSE,16,0,20,16,0.741935484,0.683046344,0.741935484,0.693397789
207,32,64,3,FALSE,16,0.5,10,16,0.591397849,0.448639622,0.591397849,0.492013148
208,32,64,3,FALSE,16,0.5,20,16,0.688172043,0.585168031,0.688172043,0.619357738
209,32,64,3,FALSE,16,0.8,10,16,0.537634409,0.330431814,0.537634409,0.397948312
210,32,64,3,FALSE,16,0.8,20,16,0.580645161,0.496000648,0.580645161,0.496673864
211,32,64,3,FALSE,32,0,10,16,0.709677419,0.636107595,0.709677419,0.654078943
212,32,64,3,FALSE,32,0,20,16,0.774193548,0.779487267,0.774193548,0.754651887
213,32,64,3,FALSE,32,0.5,10,16,0.591397849,0.554514973,0.591397849,0.505977893
214,32,64,3,FALSE,32,0.5,20,16,0.677419355,0.566188769,0.677419355,0.607213575
215,32,64,3,FALSE,32,0.8,10,16,0.602150538,0.504694325,0.602150538,0.514178155
216,32,64,3,FALSE,32,0.8,20,16,0.666666667,0.543458781,0.666666667,0.586748038
217,32,64,8,TRUE,16,0,10,16,0.677419355,0.776493949,0.677419355,0.618314748
218,32,64,8,TRUE,16,0,20,16,0.784946237,0.880362767,0.784946237,0.814224869
219,32,64,8,TRUE,16,0.5,10,16,0.76344086,0.788273758,0.76344086,0.753150221
220,32,64,8,TRUE,16,0.5,20,16,0.731182796,0.846187683,0.731182796,0.760570817
221,32,64,8,TRUE,16,0.8,10,16,0.516129032,0.528509436,0.516129032,0.498233989
222,32,64,8,TRUE,16,0.8,20,16,0.731182796,0.747670251,0.731182796,0.726915856
223,32,64,8,TRUE,32,0,10,16,0.612903226,0.823294247,0.612903226,0.611690954
224,32,64,8,TRUE,32,0,20,16,0.774193548,0.846594982,0.774193548,0.793576106
225,32,64,8,TRUE,32,0.5,10,16,0.709677419,0.716845878,0.709677419,0.676993974
226,32,64,8,TRUE,32,0.5,20,16,0.806451613,0.833741948,0.806451613,0.810948524
227,32,64,8,TRUE,32,0.8,10,16,0.419354839,0.616487455,0.419354839,0.433140141
228,32,64,8,TRUE,32,0.8,20,16,0.559139785,0.712340805,0.559139785,0.548515336
229,32,64,8,FALSE,16,0,10,16,0.752688172,0.707963223,0.752688172,0.712633941
230,32,64,8,FALSE,16,0,20,16,0.806451613,0.759916728,0.806451613,0.779339598
231,32,64,8,FALSE,16,0.5,10,16,0.677419355,0.593260706,0.677419355,0.613244328
232,32,64,8,FALSE,16,0.5,20,16,0.698924731,0.566962998,0.698924731,0.620477271
233,32,64,8,FALSE,16,0.8,10,16,0.634408602,0.507461049,0.634408602,0.549311332
234,32,64,8,FALSE,16,0.8,20,16,0.677419355,0.516964157,0.677419355,0.582880109
235,32,64,8,FALSE,32,0,10,16,0.76344086,0.715460958,0.76344086,0.721179051
236,32,64,8,FALSE,32,0,20,16,0.860215054,0.847725306,0.860215054,0.84924514
237,32,64,8,FALSE,32,0.5,10,16,0.698924731,0.601437546,0.698924731,0.634363492
238,32,64,8,FALSE,32,0.5,20,16,0.795698925,0.723721917,0.795698925,0.749118517
239,32,64,8,FALSE,32,0.8,10,16,0.569892473,0.554010629,0.569892473,0.473173849
240,32,64,8,FALSE,32,0.8,20,16,0.64516129,0.515228807,0.64516129,0.56578879
241,32,128,3,TRUE,16,0,10,16,0.623655914,0.6609849,0.623655914,0.584678359
242,32,128,3,TRUE,16,0,20,16,0.752688172,0.866366655,0.752688172,0.775169957
243,32,128,3,TRUE,16,0.5,10,16,0.182795699,0.129620845,0.182795699,0.129400368
244,32,128,3,TRUE,16,0.5,20,16,0.623655914,0.808677971,0.623655914,0.644869587
245,32,128,3,TRUE,16,0.8,10,16,0.505376344,0.440015361,0.505376344,0.450213712
246,32,128,3,TRUE,16,0.8,20,16,0.677419355,0.663571805,0.677419355,0.631241049
247,32,128,3,TRUE,32,0,10,16,0.52688172,0.734991039,0.52688172,0.524357062
248,32,128,3,TRUE,32,0,20,16,0.720430108,0.826349357,0.720430108,0.744307441
249,32,128,3,TRUE,32,0.5,10,16,0.47311828,0.52421915,0.47311828,0.438830774
250,32,128,3,TRUE,32,0.5,20,16,0.666666667,0.724049348,0.666666667,0.649906696
251,32,128,3,TRUE,32,0.8,10,16,0.52688172,0.783637708,0.52688172,0.537799731
252,32,128,3,TRUE,32,0.8,20,16,0.76344086,0.817133961,0.76344086,0.766552848
253,32,128,3,FALSE,16,0,10,16,0.677419355,0.582964174,0.677419355,0.616363027
254,32,128,3,FALSE,16,0,20,16,0.795698925,0.760481033,0.795698925,0.760092385
255,32,128,3,FALSE,16,0.5,10,16,0.64516129,0.581091046,0.64516129,0.571961101
256,32,128,3,FALSE,16,0.5,20,16,0.720430108,0.63775843,0.720430108,0.663554428
257,32,128,3,FALSE,16,0.8,10,16,0.559139785,0.529615072,0.559139785,0.445269171
258,32,128,3,FALSE,16,0.8,20,16,0.677419355,0.553489138,0.677419355,0.592608823
259,32,128,3,FALSE,32,0,10,16,0.709677419,0.638755981,0.709677419,0.655638269
260,32,128,3,FALSE,32,0,20,16,0.795698925,0.795277251,0.795698925,0.779739133
261,32,128,3,FALSE,32,0.5,10,16,0.677419355,0.573099415,0.677419355,0.606033776
262,32,128,3,FALSE,32,0.5,20,16,0.741935484,0.693766938,0.741935484,0.69654296
263,32,128,3,FALSE,32,0.8,10,16,0.612903226,0.502067401,0.612903226,0.547979468
264,32,128,3,FALSE,32,0.8,20,16,0.591397849,0.554514973,0.591397849,0.505977893
265,32,128,8,TRUE,16,0,10,16,0.709677419,0.730064857,0.709677419,0.678457504
266,32,128,8,TRUE,16,0,20,16,0.806451613,0.850896057,0.806451613,0.810547875
267,32,128,8,TRUE,16,0.5,10,16,0.569892473,0.829618131,0.569892473,0.60254114
268,32,128,8,TRUE,16,0.5,20,16,0.806451613,0.819670868,0.806451613,0.802120894
269,32,128,8,TRUE,16,0.8,10,16,0.537634409,0.802730841,0.537634409,0.563205012
270,32,128,8,TRUE,16,0.8,20,16,0.655913978,0.838834346,0.655913978,0.666264355
271,32,128,8,TRUE,32,0,10,16,0.795698925,0.789662328,0.795698925,0.778782642
272,32,128,8,TRUE,32,0,20,16,0.827956989,0.865395707,0.827956989,0.829463215
273,32,128,8,TRUE,32,0.5,10,16,0.741935484,0.805193989,0.741935484,0.707086801
274,32,128,8,TRUE,32,0.5,20,16,0.774193548,0.862440427,0.774193548,0.791364499
275,32,128,8,TRUE,32,0.8,10,16,0.494623656,0.891662771,0.494623656,0.506640238
276,32,128,8,TRUE,32,0.8,20,16,0.64516129,0.780645161,0.64516129,0.622569909
277,32,128,8,FALSE,16,0,10,16,0.806451613,0.807161801,0.806451613,0.787607596
278,32,128,8,FALSE,16,0,20,16,0.860215054,0.882511753,0.860215054,0.859105649
279,32,128,8,FALSE,16,0.5,10,16,0.655913978,0.588434901,0.655913978,0.608225448
280,32,128,8,FALSE,16,0.5,20,16,0.591397849,0.407439698,0.591397849,0.460515667
281,32,128,8,FALSE,16,0.8,10,16,0.655913978,0.529571706,0.655913978,0.574243781
282,32,128,8,FALSE,16,0.8,20,16,0.698924731,0.565707817,0.698924731,0.612892952
283,32,128,8,FALSE,32,0,10,16,0.817204301,0.781959379,0.817204301,0.788695638
284,32,128,8,FALSE,32,0,20,16,0.860215054,0.864752723,0.860215054,0.854999472
285,32,128,8,FALSE,32,0.5,10,16,0.666666667,0.515152133,0.666666667,0.574943017
286,32,128,8,FALSE,32,0.5,20,16,0.849462366,0.83639047,0.849462366,0.832770097
287,32,128,8,FALSE,32,0.8,10,16,0.64516129,0.506859716,0.64516129,0.558915229
288,32,128,8,FALSE,32,0.8,20,16,0.677419355,0.60341556,0.677419355,0.609443399
289,64,32,3,TRUE,16,0,10,16,0.698924731,0.77124936,0.698924731,0.677920288
290,64,32,3,TRUE,16,0,20,16,0.741935484,0.80632629,0.741935484,0.751755971
291,64,32,3,TRUE,16,0.5,10,16,0.52688172,0.469948574,0.52688172,0.475809593
292,64,32,3,TRUE,16,0.5,20,16,0.623655914,0.830103693,0.623655914,0.639802808
293,64,32,3,TRUE,16,0.8,10,16,0.591397849,0.509207762,0.591397849,0.528947818
294,64,32,3,TRUE,16,0.8,20,16,0.47311828,0.368402648,0.47311828,0.392904701
295,64,32,3,TRUE,32,0,10,16,0.698924731,0.784950891,0.698924731,0.718493921
296,64,32,3,TRUE,32,0,20,16,0.731182796,0.767921147,0.731182796,0.734308677
297,64,32,3,TRUE,32,0.5,10,16,0.666666667,0.547183128,0.666666667,0.598755151
298,64,32,3,TRUE,32,0.5,20,16,0.720430108,0.75310559,0.720430108,0.720433628
299,64,32,3,TRUE,32,0.8,10,16,0.52688172,0.591326901,0.52688172,0.504124559
300,64,32,3,TRUE,32,0.8,20,16,0.752688172,0.784374447,0.752688172,0.753227401
301,64,32,3,FALSE,16,0,10,16,0.677419355,0.621370318,0.677419355,0.626296925
302,64,32,3,FALSE,16,0,20,16,0.806451613,0.797979798,0.806451613,0.791911618
303,64,32,3,FALSE,16,0.5,10,16,0.688172043,0.591554384,0.688172043,0.618224806
304,64,32,3,FALSE,16,0.5,20,16,0.709677419,0.59509663,0.709677419,0.639341413
305,64,32,3,FALSE,16,0.8,10,16,0.591397849,0.467689226,0.591397849,0.493932779
306,64,32,3,FALSE,16,0.8,20,16,0.655913978,0.521000873,0.655913978,0.567781415
307,64,32,3,FALSE,32,0,10,16,0.720430108,0.637443333,0.720430108,0.664268482
308,64,32,3,FALSE,32,0,20,16,0.784946237,0.781724369,0.784946237,0.768430736
309,64,32,3,FALSE,32,0.5,10,16,0.655913978,0.517494453,0.655913978,0.574112162
310,64,32,3,FALSE,32,0.5,20,16,0.76344086,0.720591913,0.76344086,0.720232154
311,64,32,3,FALSE,32,0.8,10,16,0.591397849,0.46969697,0.591397849,0.485654254
312,64,32,3,FALSE,32,0.8,20,16,0.64516129,0.517074324,0.64516129,0.567609933
313,64,32,8,TRUE,16,0,10,16,0.688172043,0.773275853,0.688172043,0.707694333
314,64,32,8,TRUE,16,0,20,16,0.795698925,0.82235023,0.795698925,0.796509415
315,64,32,8,TRUE,16,0.5,10,16,0.612903226,0.625274367,0.612903226,0.585971988
316,64,32,8,TRUE,16,0.5,20,16,0.731182796,0.818874819,0.731182796,0.748546197
317,64,32,8,TRUE,16,0.8,10,16,0.430107527,0.389349718,0.430107527,0.388398367
318,64,32,8,TRUE,16,0.8,20,16,0.537634409,0.768027459,0.537634409,0.524571086
319,64,32,8,TRUE,32,0,10,16,0.634408602,0.829195873,0.634408602,0.672797485
320,64,32,8,TRUE,32,0,20,16,0.817204301,0.848944644,0.817204301,0.82606128
321,64,32,8,TRUE,32,0.5,10,16,0.655913978,0.716031281,0.655913978,0.655221123
322,64,32,8,TRUE,32,0.5,20,16,0.752688172,0.745252566,0.752688172,0.742907619
323,64,32,8,TRUE,32,0.8,10,16,0.602150538,0.768786482,0.602150538,0.625267826
324,64,32,8,TRUE,32,0.8,20,16,0.741935484,0.76626117,0.741935484,0.725537249
325,64,32,8,FALSE,16,0,10,16,0.688172043,0.580389145,0.688172043,0.620552033
326,64,32,8,FALSE,16,0,20,16,0.849462366,0.82674673,0.849462366,0.829188196
327,64,32,8,FALSE,16,0.5,10,16,0.698924731,0.600571041,0.698924731,0.629735048
328,64,32,8,FALSE,16,0.5,20,16,0.698924731,0.586468531,0.698924731,0.627475803
329,64,32,8,FALSE,16,0.8,10,16,0.677419355,0.531407263,0.677419355,0.589046437
330,64,32,8,FALSE,16,0.8,20,16,0.655913978,0.546911238,0.655913978,0.57909774
331,64,32,8,FALSE,32,0,10,16,0.709677419,0.625760938,0.709677419,0.655785538
332,64,32,8,FALSE,32,0,20,16,0.860215054,0.883382852,0.860215054,0.852895566
333,64,32,8,FALSE,32,0.5,10,16,0.677419355,0.600124913,0.677419355,0.616260956
334,64,32,8,FALSE,32,0.5,20,16,0.817204301,0.780656023,0.817204301,0.782807261
335,64,32,8,FALSE,32,0.8,10,16,0.677419355,0.577956989,0.677419355,0.603345281
336,64,32,8,FALSE,32,0.8,20,16,0.709677419,0.626339491,0.709677419,0.65734903
337,64,64,3,TRUE,16,0,10,16,0.634408602,0.800576037,0.634408602,0.658913353
338,64,64,3,TRUE,16,0,20,16,0.602150538,0.465693804,0.602150538,0.512804947
339,64,64,3,TRUE,16,0.5,10,16,0.569892473,0.695996835,0.569892473,0.579117074
340,64,64,3,TRUE,16,0.5,20,16,0.688172043,0.727889315,0.688172043,0.68798197
341,64,64,3,TRUE,16,0.8,10,16,0.408602151,0.230122596,0.408602151,0.28948824
342,64,64,3,TRUE,16,0.8,20,16,0.666666667,0.763749882,0.666666667,0.645344544
343,64,64,3,TRUE,32,0,10,16,0.731182796,0.820162218,0.731182796,0.7449226
344,64,64,3,TRUE,32,0,20,16,0.720430108,0.806357291,0.720430108,0.741385722
345,64,64,3,TRUE,32,0.5,10,16,0.698924731,0.717165463,0.698924731,0.681522324
346,64,64,3,TRUE,32,0.5,20,16,0.655913978,0.757774364,0.655913978,0.67320517
347,64,64,3,TRUE,32,0.8,10,16,0.698924731,0.722184092,0.698924731,0.653717903
348,64,64,3,TRUE,32,0.8,20,16,0.774193548,0.76427356,0.774193548,0.768087799
349,64,64,3,FALSE,16,0,10,16,0.698924731,0.61800386,0.698924731,0.647232402
350,64,64,3,FALSE,16,0,20,16,0.827956989,0.831867058,0.827956989,0.813461757
351,64,64,3,FALSE,16,0.5,10,16,0.666666667,0.574287469,0.666666667,0.599536958
352,64,64,3,FALSE,16,0.5,20,16,0.698924731,0.584109916,0.698924731,0.626763917
353,64,64,3,FALSE,16,0.8,10,16,0.537634409,0.336044679,0.537634409,0.400477897
354,64,64,3,FALSE,16,0.8,20,16,0.666666667,0.567255021,0.666666667,0.589550643
355,64,64,3,FALSE,32,0,10,16,0.741935484,0.704954016,0.741935484,0.702007473
356,64,64,3,FALSE,32,0,20,16,0.817204301,0.815693302,0.817204301,0.800382044
357,64,64,3,FALSE,32,0.5,10,16,0.688172043,0.589520396,0.688172043,0.619994115
358,64,64,3,FALSE,32,0.5,20,16,0.698924731,0.618593245,0.698924731,0.645072241
359,64,64,3,FALSE,32,0.8,10,16,0.666666667,0.523041388,0.666666667,0.580758345
360,64,64,3,FALSE,32,0.8,20,16,0.698924731,0.63240212,0.698924731,0.647650557
361,64,64,8,TRUE,16,0,10,16,0.709677419,0.860681254,0.709677419,0.749126782
362,64,64,8,TRUE,16,0,20,16,0.849462366,0.849510439,0.849462366,0.844627363
363,64,64,8,TRUE,16,0.5,10,16,0.580645161,0.803199429,0.580645161,0.598889284
364,64,64,8,TRUE,16,0.5,20,16,0.774193548,0.797885606,0.774193548,0.773300909
365,64,64,8,TRUE,16,0.8,10,16,0.451612903,0.568622868,0.451612903,0.480897775
366,64,64,8,TRUE,16,0.8,20,16,0.623655914,0.825177627,0.623655914,0.645515241
367,64,64,8,TRUE,32,0,10,16,0.752688172,0.815770609,0.752688172,0.771516836
368,64,64,8,TRUE,32,0,20,16,0.88172043,0.916038397,0.88172043,0.886674343
369,64,64,8,TRUE,32,0.5,10,16,0.774193548,0.796594982,0.774193548,0.755925283
370,64,64,8,TRUE,32,0.5,20,16,0.806451613,0.82368754,0.806451613,0.799402628
371,64,64,8,TRUE,32,0.8,10,16,0.440860215,0.421501334,0.440860215,0.389392227
372,64,64,8,TRUE,32,0.8,20,16,0.752688172,0.775169907,0.752688172,0.752773371
373,64,64,8,FALSE,16,0,10,16,0.76344086,0.715033365,0.76344086,0.72287941
374,64,64,8,FALSE,16,0,20,16,0.903225806,0.910906298,0.903225806,0.896662995
375,64,64,8,FALSE,16,0.5,10,16,0.752688172,0.652424071,0.752688172,0.688875417
376,64,64,8,FALSE,16,0.5,20,16,0.774193548,0.700380981,0.774193548,0.725508319
377,64,64,8,FALSE,16,0.8,10,16,0.634408602,0.503324503,0.634408602,0.550638789
378,64,64,8,FALSE,16,0.8,20,16,0.731182796,0.61328725,0.731182796,0.655687908
379,64,64,8,FALSE,32,0,10,16,0.827956989,0.83625731,0.827956989,0.810364284
380,64,64,8,FALSE,32,0,20,16,0.870967742,0.878680015,0.870967742,0.868190352
381,64,64,8,FALSE,32,0.5,10,16,0.698924731,0.60551283,0.698924731,0.63084839
382,64,64,8,FALSE,32,0.5,20,16,0.827956989,0.83625731,0.827956989,0.810364284
383,64,64,8,FALSE,32,0.8,10,16,0.688172043,0.637864823,0.688172043,0.621273699
384,64,64,8,FALSE,32,0.8,20,16,0.720430108,0.608764493,0.720430108,0.649160022
385,64,128,3,TRUE,16,0,10,16,0.602150538,0.801558855,0.602150538,0.601543965
386,64,128,3,TRUE,16,0,20,16,0.806451613,0.869941349,0.806451613,0.818396384
387,64,128,3,TRUE,16,0.5,10,16,0.580645161,0.46172043,0.580645161,0.502870078
388,64,128,3,TRUE,16,0.5,20,16,0.795698925,0.838331625,0.795698925,0.799684225
389,64,128,3,TRUE,16,0.8,10,16,0.537634409,0.456798363,0.537634409,0.480804277
390,64,128,3,TRUE,16,0.8,20,16,0.774193548,0.824953064,0.774193548,0.767506866
391,64,128,3,TRUE,32,0,10,16,0.548387097,0.812083973,0.548387097,0.560912777
392,64,128,3,TRUE,32,0,20,16,0.817204301,0.863720151,0.817204301,0.826657545
393,64,128,3,TRUE,32,0.5,10,16,0.741935484,0.756531004,0.741935484,0.736831002
394,64,128,3,TRUE,32,0.5,20,16,0.774193548,0.774131751,0.774193548,0.769762138
395,64,128,3,TRUE,32,0.8,10,16,0.709677419,0.695681857,0.709677419,0.673367114
396,64,128,3,TRUE,32,0.8,20,16,0.688172043,0.762822269,0.688172043,0.66436968
397,64,128,3,FALSE,16,0,10,16,0.655913978,0.536021505,0.655913978,0.58455523
398,64,128,3,FALSE,16,0,20,16,0.827956989,0.816646754,0.827956989,0.809886171
399,64,128,3,FALSE,16,0.5,10,16,0.709677419,0.629432694,0.709677419,0.657514959
400,64,128,3,FALSE,16,0.5,20,16,0.774193548,0.719701606,0.774193548,0.73073713
401,64,128,3,FALSE,16,0.8,10,16,0.537634409,0.34908222,0.537634409,0.406156723
402,64,128,3,FALSE,16,0.8,20,16,0.634408602,0.576937338,0.634408602,0.56016385
403,64,128,3,FALSE,32,0,10,16,0.76344086,0.715381226,0.76344086,0.720403917
404,64,128,3,FALSE,32,0,20,16,0.860215054,0.862550983,0.860215054,0.855378753
405,64,128,3,FALSE,32,0.5,10,16,0.655913978,0.525345622,0.655913978,0.576960097
406,64,128,3,FALSE,32,0.5,20,16,0.784946237,0.757404263,0.784946237,0.753291082
407,64,128,3,FALSE,32,0.8,10,16,0.602150538,0.565263806,0.602150538,0.527738455
408,64,128,3,FALSE,32,0.8,20,16,0.655913978,0.549783758,0.655913978,0.570033956
409,64,128,8,TRUE,16,0,10,16,0.731182796,0.875222382,0.731182796,0.761955176
410,64,128,8,TRUE,16,0,20,16,0.860215054,0.865281049,0.860215054,0.855916466
411,64,128,8,TRUE,16,0.5,10,16,0.752688172,0.81975099,0.752688172,0.746339998
412,64,128,8,TRUE,16,0.5,20,16,0.849462366,0.877016556,0.849462366,0.85168547
413,64,128,8,TRUE,16,0.8,10,16,0.451612903,0.717610306,0.451612903,0.435620253
414,64,128,8,TRUE,16,0.8,20,16,0.76344086,0.782841305,0.76344086,0.761394223
415,64,128,8,TRUE,32,0,10,16,0.806451613,0.863791835,0.806451613,0.815852147
416,64,128,8,TRUE,32,0,20,16,0.903225806,0.903584229,0.903225806,0.899675713
417,64,128,8,TRUE,32,0.5,10,16,0.720430108,0.802399372,0.720430108,0.7456561
418,64,128,8,TRUE,32,0.5,20,16,0.827956989,0.873050812,0.827956989,0.83540796
419,64,128,8,TRUE,32,0.8,10,16,0.634408602,0.779763599,0.634408602,0.597304873
420,64,128,8,TRUE,32,0.8,20,16,0.752688172,0.814047033,0.752688172,0.765205046
421,64,128,8,FALSE,16,0,10,16,0.827956989,0.819661821,0.827956989,0.805355833
422,64,128,8,FALSE,16,0,20,16,0.849462366,0.849647757,0.849462366,0.846446027
423,64,128,8,FALSE,16,0.5,10,16,0.784946237,0.722073227,0.784946237,0.733893226
424,64,128,8,FALSE,16,0.5,20,16,0.752688172,0.65578597,0.752688172,0.690877122
425,64,128,8,FALSE,16,0.8,10,16,0.666666667,0.587654752,0.666666667,0.612187368
426,64,128,8,FALSE,16,0.8,20,16,0.623655914,0.562401296,0.623655914,0.539072039
427,64,128,8,FALSE,32,0,10,16,0.806451613,0.765170992,0.806451613,0.773741888
428,64,128,8,FALSE,32,0,20,16,0.870967742,0.871087216,0.870967742,0.867068208
429,64,128,8,FALSE,32,0.5,10,16,0.752688172,0.705723646,0.752688172,0.708965132
430,64,128,8,FALSE,32,0.5,20,16,0.827956989,0.818061399,0.827956989,0.809482954
431,64,128,8,FALSE,32,0.8,10,16,0.677419355,0.656682028,0.677419355,0.621911998
432,64,128,8,FALSE,32,0.8,20,16,0.784946237,0.728404589,0.784946237,0.741199437
